{"L1SGD": 0.6796116504854369, "perceptron": 0.6407766990291263, "L2SVC": 0.6731391585760518, "L1SVC": 0.6731391585760518, "ridge": 0.6699029126213593, "L2SGD": 0.6537216828478964, "knn": 0.5242718446601942, "MNB": 0.5857605177993528, "BNB": 0.5145631067961165, "elasticNet": 0.6634304207119741, "pipeline": 0.6407766990291263, "randomForest": 0.6343042071197411, "passiveAggressive": 0.6375404530744336, "nearestCentroid": 0.5275080906148867}